{
    "Player": {
        "Test": 16,
        "Test2": 42.70800018310547,
        "Test3": [
            -3.799999952316284,
            10.0,
            -4.385000228881836
        ],
        "floatingSpeed": 20.312999725341797
    }
}
