{
    "Player": {
        "Test": 49,
        "Test2": 56.770999908447266,
        "Test3": [
            0.0,
            3.5999999046325684,
            4.077000141143799
        ],
        "floatingSpeed": 41.145999908447266
    }
}
